profile_ign,primary_role,primary_role_games,primary_role_winrate,secondary_role,secondary_role_games,secondary_role_winrate,rank_score
Owen#2879,Top,307,54.07%,Jungle,251,54.58%,2.0
Niccus#gopha,Mid,949,53.95%,Bot,503,53.48%,2.0
Levi#NA111,Support,423,56.26%,Jungle,253,46.64%,2.0
ohiowen#skib,Top,230,54.35%,Jungle,73,54.79%,2.0
Prince#LuvGF,Bot,105,56.19%,Support,63,57.14%,2.0
Ritty#NA1,Jungle,1183,52.32%,Top,42,35.71%,3.0
RebornMountainx#NA1,Jungle,2861,51.10%,Support,173,42.77%,3.0
Alune#NA999,Bot,848,53.30%,Top,312,57.37%,3.0
Different#ADC,Bot,801,52.81%,Mid,155,51.61%,6.0
Ririka#6890,Mid,270,52.59%,Bot,102,54.90%,8.0
Borria#NA1,Support,467,52.03%,Jungle,183,49.73%,9.0
His Brother#ETHAN,Support,528,48.30%,Top,274,55.11%,9.0
PingSpam#NA1,Bot,741,52.50%,Top,107,50.47%,9.0
Stl Slayer 24#NA2,Bot,806,52.98%,Mid,180,57.78%,10.0
Boyrider#fmboy,Bot,228,60.53%,Top,40,42.50%,10.0
BILLYBILLYBILLY#FATAF,Jungle,2539,51.60%,Mid,90,46.67%,10.0
TouchVigor#NA1,Jungle,1903,53.07%,Top,213,45.54%,11.0
ticofighter#NA1,Top,1568,51.02%,Support,132,49.24%,11.0
Tico#TAHM,Top,190,62.11%,Jungle,33,66.67%,11.0
Pyrosis#NA1,Mid,1092,50.64%,Top,292,52.40%,12.0
Lost in a river#NA1,Mid,141,46.10%,Bot,52,61.54%,12.0
Pony#gafo,Support,617,54.13%,Mid,41,39.02%,12.0
YeetYoteYate#NA1,Mid,714,49.58%,Support,109,54.13%,13.0
Xiaolong#eelee,Jungle,3018,50.33%,Mid,95,33.68%,13.0
hackzorzzzz#NA1,Top,652,52.76%,Jungle,590,52.54%,13.0
PeepaTheHound#Molly,Bot,953,57.61%,Mid,89,44.94%,14.0
Blue#UU70,Mid,687,48.62%,Bot,144,55.56%,14.0
CARPETBOMBCORKI#NA1,Support,322,48.45%,Mid,281,55.52%,14.0
Hyperdragon#Ellie,Jungle,1753,54.14%,Bot,270,38.89%,14.0
I fear nobody#NA1,Jungle,1257,51.23%,Mid,57,45.61%,14.0
DavidEdge#NA1,Support,212,57.08%,Jungle,139,52.52%,15.0
NAQI#crack,Mid,1492,52.14%,Top,288,47.22%,15.0
SEXWOMY#NA1,Mid,75,62.67%,Top,32,46.88%,15.0
GourmetCookies#NA1,Support,552,48.37%,Jungle,152,52.63%,16.0
Akudame Ikumika#NA1,Jungle,446,53.59%,Top,40,52.50%,16.0
BoyHoleBuccaneer#Boom,Support,307,51.14%,Jungle,193,52.85%,16.0
Kessler#KORA,Mid,1160,50.60%,Bot,208,54.33%,16.0
Xeuhktal#NA1,Top,1106,46.47%,Jungle,276,46.74%,16.0
MCFasho#NA1,Jungle,544,52.94%,Top,64,42.19%,17.0
Death#March,Support,852,51.41%,Mid,144,50.69%,17.0
StepAcid#NA1,Mid,187,57.75%,Bot,34,50.00%,17.0
AcidStep#NA1,Jungle,550,48.00%,Mid,514,50.58%,17.0
Happiercat477#NA1,Mid,619,54.12%,Bot,89,53.93%,17.0
vowels#aeiou,Top,979,52.81%,Mid,437,49.20%,18.0
Top Tower#NA1,Top,766,52.35%,Jungle,144,58.33%,18.0
Balmer#024,Bot,349,51.58%,Support,179,54.75%,18.0
Luyten#NA1,Bot,639,56.34%,Jungle,84,45.24%,18.0
Kuroaf#NA1,Jungle,194,52.58%,Bot,178,47.75%,18.0
6 foot 1  Jacked#Gojo,Jungle,2560,51.29%,Top,481,48.86%,18.0
Gawr Goomba#shark,Mid,248,53.63%,Top,217,50.23%,18.0
Banana#54010,Top,887,51.30%,Jungle,251,51.79%,18.0
Yoshi#Yushu,Top,603,53.23%,Mid,369,53.39%,18.0
OshaInspector#OSH,Jungle,298,60.40%,Support,15,66.67%,19.0
Edmontosaurus#KogOT,Bot,1070,53.27%,Mid,107,45.79%,20.0
Lord Tubbyton#NA1,Support,690,50.72%,Mid,344,52.03%,20.0
Drysicle#NA1,Top,412,51.46%,Jungle,142,52.82%,20.0
추방 Agu#BRNA,Top,1776,52.25%,Jungle,449,49.67%,21.0
Lakuna#TAU3,Jungle,729,50.62%,Bot,109,50.46%,21.0
bluelavalamp#NA1,Top,708,49.72%,Jungle,166,46.99%,21.0
Number Zer0#NA1,Mid,334,48.20%,Bot,95,47.37%,21.0
Xenux#Xenux,Top,528,49.05%,Bot,216,51.39%,21.0
L9 JinJG#JinJG,Mid,333,50.45%,Jungle,326,46.32%,21.0
acekiller1107#1060,Jungle,84,52.38%,Support,14,42.86%,21.0
weddchan#2404,Bot,513,56.73%,Mid,392,47.45%,22.0
Akatsuki37046#NA1,Jungle,488,55.53%,Top,62,43.55%,22.0
Chignild#NA1,Jungle,658,48.94%,Top,41,36.59%,22.0
ReapersBlade#13479,Bot,300,52.00%,Top,244,54.92%,22.0
Haumea#SK1,Mid,1132,52.47%,Top,243,52.67%,23.0
ShadowPoga#NA1,Mid,220,48.64%,Bot,92,52.17%,23.0
Proud In Shroud#MAD,Mid,482,52.49%,Jungle,213,48.83%,23.0
ChewyLight28#NA1,Support,129,51.16%,Bot,128,53.91%,23.0
Bouncy#yup,Jungle,436,50.46%,Support,339,51.03%,23.0
Domina Luminis#NA1,Bot,1374,49.78%,Mid,275,50.18%,23.0
SuperChicken#0123,Jungle,899,51.50%,Mid,347,50.43%,24.0
BronzeCena#Blind,Top,189,56.61%,Jungle,87,47.13%,24.0
saw#fast,Top,491,52.95%,Mid,295,52.88%,24.0
SlaveKnightKos#Kos,Mid,996,50.30%,Bot,165,52.12%,24.0
Amuchu#NA1,Support,999,47.35%,Bot,62,43.55%,25.0
Sukiha#owo,Bot,789,50.44%,Mid,243,46.91%,25.0
Ouroboros#Train,Mid,173,55.49%,Top,38,52.63%,25.0
Ouroboros#Climb,Mid,1332,49.62%,Top,248,52.02%,25.0
BioMatrix#EmiQT,Bot,1352,50.59%,Mid,60,51.67%,25.0
AlyXO#3976,Mid,394,49.49%,Bot,138,52.90%,26.0
evilpancakekitty#meow,Jungle,1335,51.09%,Mid,297,47.47%,26.0
SigilOfAletheia#NA1,Jungle,706,53.97%,Support,346,44.80%,26.0
seagullslayer7#NA1,Jungle,1103,55.58%,Mid,311,45.02%,26.0
MajinHollow#Vayne,Bot,560,50.89%,Mid,241,53.11%,26.0
Dan Smith#KLLR7,Support,205,53.66%,Bot,94,47.87%,26.0
BirdP3Rson#37114,Bot,256,44.92%,Jungle,63,66.67%,26.0
Promech#NA1,Top,430,49.30%,Mid,216,50.93%,26.0
Harry Patterson#Fin,Mid,480,48.96%,Bot,249,47.39%,26.0
lsoDidact#NA1,Top,335,52.24%,Jungle,104,52.88%,27.0
Bound#WVU1,Support,353,52.69%,Jungle,306,49.35%,27.0
FunnyyButton#NA123,Bot,177,58.76%,Top,132,42.42%,28.0
The Fool#URMAM,Jungle,547,51.37%,Mid,142,46.48%,28.0
Monturkey#9268,Jungle,741,52.09%,Top,50,52.00%,28.0
notal#8836,Jungle,155,56.77%,Mid,70,52.86%,28.0
bubbles101012#NA1,Mid,710,53.66%,Bot,236,51.27%,28.0
GumbaStomp69#NA1,Bot,644,52.48%,Support,74,43.24%,28.0
GAMER DESTROYER#LLT,Support,589,49.24%,Bot,193,51.30%,29.0
BigBootyBarrels#Bomba,Top,426,52.35%,Jungle,184,47.28%,29.0
Gamer Destroyer#dump,Support,359,51.25%,Bot,248,45.56%,29.0
CCswift#NA1,Top,722,50.97%,Jungle,173,56.07%,31.0
The World#URDAD,Top,982,49.69%,Jungle,455,50.11%,31.0
I ROAR YOU BOW#VAHIR,Top,87,45.98%,Jungle,37,56.76%,31.0
Bhrisy#NA69,Top,213,46.01%,Support,208,56.73%,31.0
Barretel#Shaco,Jungle,293,54.27%,Top,121,52.89%,31.0
OWLBIRD#NA1,Mid,189,47.09%,Top,77,49.35%,32.0
Stran#NA1,Bot,304,49.34%,Mid,33,48.48%,32.0
DESTROYXXXXL#NA1,Top,220,52.73%,Mid,200,47.00%,32.0
kybcat#7796,Bot,279,51.61%,Top,163,50.31%,32.0
Team Curse #NA1,Support,499,47.90%,Top,108,54.63%,32.0
Railleyacil#79810,Top,9,55.56%,Jungle,1,0.00%,33.0
Darkll#1024,Mid,353,50.42%,Bot,102,48.04%,33.0
maxwell#CAN,Mid,607,53.05%,Bot,64,51.56%,33.0
Yujii#juju,Mid,289,44.98%,Support,107,50.47%,33.0
Encry#ssj3,Jungle,474,53.16%,Top,260,49.23%,33.0
verylastnerve#nerve,Top,474,50.84%,Jungle,158,54.43%,33.0
dont ever stop#NA1,Jungle,637,53.06%,Mid,187,43.32%,33.0
MiHughJanis#HUGH,Top,250,58.40%,Jungle,76,50.00%,34.0
neo#1447,Mid,866,48.96%,Top,109,43.12%,35.0
Geekèé#0001,Bot,247,52.23%,Support,192,52.60%,35.0
jun#9845,Support,729,52.95%,Jungle,87,45.98%,35.0
NemakuNa#NA1,Support,321,49.84%,Mid,68,47.06%,35.0
TryingToVibe#NA1,Support,88,52.27%,Bot,7,14.29%,35.0
Isolation#1909,Bot,1443,50.17%,Jungle,147,54.42%,35.0
Placid4U TTV#NA1,Support,783,49.81%,Bot,47,40.43%,35.0
The Moon#urbro,Jungle,388,52.06%,Top,189,47.62%,35.0
Harbinger#115,Top,323,48.61%,Jungle,193,48.70%,36.0
Atamaex#NA1,Mid,119,57.98%,Top,58,60.34%,36.0
OkNowImTilted#Aim,Top,642,51.25%,Mid,404,47.52%,36.0
nerf season#lord,Mid,272,46.69%,Top,189,51.85%,36.0
callmeid#SNIP,Top,407,51.35%,Jungle,146,48.63%,37.0
scardeo#NA1,Top,448,48.44%,Jungle,117,52.14%,37.0
SwooshWRLD#0334,Mid,569,51.14%,Jungle,416,50.24%,37.0
goku2057#NA1,Support,353,49.86%,Jungle,229,51.09%,38.0
Row#RowX,Support,884,50.90%,Jungle,551,47.01%,38.0
Tiger58#SDC,Support,516,49.22%,Mid,97,51.55%,39.0
DameioNaruto#GOKAI,Jungle,362,50.55%,Mid,161,47.83%,39.0
DrJackal#9921,Jungle,757,52.58%,Mid,38,31.58%,40.0
No Hwei#green,Jungle,235,41.70%,Mid,211,54.50%,40.0
Elvynya#Lucy,Bot,113,38.94%,Support,50,48.00%,41.0
it is what it is#na3,Bot,255,49.41%,Mid,69,49.28%,41.0
Serided#RoHan,Mid,170,45.29%,Bot,151,52.32%,41.0
Feeshstix#fish,Bot,379,48.28%,Jungle,166,47.59%,43.0
gilly#1111,Mid,155,47.10%,Top,101,51.49%,44.0
PeachyVibes#80085,Bot,403,47.39%,Mid,84,42.86%,45.0
Expertknifer#DADDY,Bot,278,45.68%,Support,165,48.48%,45.0
Brandis#0704,Jungle,45,55.56%,Support,41,58.54%,46.0
Bosco23#0323,Support,415,54.94%,Bot,129,52.71%,46.0
AngelOfPaper2#NA1,Mid,481,49.27%,Top,109,56.88%,47.0
AngelOfPaper3#GGS,Mid,237,47.68%,Top,193,45.60%,47.0
WanderingNomad#Sader,Jungle,71,50.70%,Bot,31,51.61%,48.0
Skymoare#poro,Mid,378,52.38%,Jungle,44,50.00%,48.0
PeachyBoop#xdd,Support,160,49.38%,Bot,69,33.33%,49.0
TahmTuah#6088,Jungle,78,48.72%,Top,76,44.74%,49.0
iggy#bored,Jungle,45,40.00%,Bot,21,52.38%,50.0
LanciferP#NA1,Jungle,117,41.88%,Top,62,41.94%,50.0
